"","uniquePairId","Species.1","Species.2","Species.1bl","Species.2bl","cost","lat","lon","tas_breadth","tas_position","pcp_breadth","pcp_position","mtn_mass","water_buffering","dispersal_ability","pair_age","distance","boundary_length","MAT_overlap","realm","landgap"
"Tinamotis_pentlandii",316,"Tinamotis_pentlandii","Tinamotis_ingoufi","Tinamotis pentlandii","Tinamotis ingoufi",1585006425.25786,-34.59444726,-68.390339755,8.28583259965911,280.492154858768,0.0000628961796780995,0.0000424535357323,0.176470588235294,0.265221878224974,34.530027325,34.9,3261348.13184946,438252.071577553,0.882422433695018,"NTNT",FALSE
"Apteryx_owenii",14,"Apteryx_owenii","Apteryx_haastii","Apteryx owenii","Apteryx haastii",18000435.2436605,-41.166666665,173.25,8.58601528523603,286.476724789647,0.0000176160678275823,0.0000479778801513758,0.0377969762419006,0.873650107991361,0.1,2.16,168859.423724106,33340.3683980326,0.348476554321923,"AAAA",FALSE
"Alectoris_barbara",444,"Alectoris_barbara","Alectoris_melanocephala","Alectoris barbara","Alectoris melanocephala",236195896.308622,24.853311965,32.303846155,15.3537062329557,294.797608020612,0.0000249783592950774,0.00000800742829566043,0.039727582292849,0.139614074914869,26.796515155,5.18,3992797.41077408,811345.665050172,0.39511506732336,"ATPA",FALSE
"Polyplectron_bicalcaratum",362,"Polyplectron_bicalcaratum","Polyplectron_chalcurum","Polyplectron bicalcaratum","Polyplectron chalcurum",226012026.142011,9.7782645,98.727263245,6.42297623884431,296.07258984922,0.000109696240031681,0.0000652488632637851,0.126081582200247,0.648949320148331,17.742248465,0.79,2183074.56252591,658711.547639652,0.936482001579105,"IMIM",TRUE
"Polyplectron_malacense",175,"Polyplectron_malacense","Polyplectron_schleiermacheri","Polyplectron malacense","Polyplectron schleiermacheri",34532481.5472461,0.89251894,108.803977275,1.08191567083272,297.781550891868,0.000085223163421571,0.0000899836826031046,0.0713391739674593,0.615769712140175,16.94519021,2.62,1253911.90875224,266286.095372161,0.983160869335866,"IMIM",TRUE
"Tetrao_tetrix",986,"Tetrao_tetrix","Tetrao_mlokosiewiczi","Lyrurus tetrix","Lyrurus mlokosiewiczi",100675389.429331,50.22355,45.030866665,28.8625960774746,278.093600704182,0.0000271906622085662,0.0000241515938892342,0.0289855072463768,0.0732689210950081,32.45455086,0,1740253.029885,822899.357063331,1,"PAPA",FALSE
"Bonasa_sewerzowi",1011,"Bonasa_sewerzowi","Bonasa_bonasia","Bonasa sewerzowi","Bonasa bonasia",1374529294.44498,41.2962,112.7942,30.47555188277,272.187625215539,0.0000576241907995591,0.0000351230910640342,0.0812854442344045,0.0396975425330813,33.75616169,3.81,2995776.02038728,890696.334777111,1,"PAPA",FALSE
"Crossoptilon_auritum",260,"Crossoptilon_auritum","Crossoptilon_mantchuricum","Crossoptilon auritum","Crossoptilon mantchuricum",267739340.111931,38.022311825,108.94435484,31.0296697598338,275.903956828787,0.0000661734717744491,0.0000287501760697386,0.258382642998028,0.00493096646942801,17.0987785,0.07,679280.205955577,297953.926520632,0.698113773907286,"PAPA",FALSE
"Syrmaticus_humiae",292,"Syrmaticus_humiae","Syrmaticus_ellioti","Syrmaticus humiae","Syrmaticus ellioti",103311470.654938,24.5475,106.135,18.1085511041973,289.496240803503,0.0000831942470087509,0.0000449736256088494,0.667046750285063,0.111744583808438,29.84989792,0.01,899620.557742675,362284.507896916,1,"IMIM",FALSE
"Nothocrax_urumutum",405,"Nothocrax_urumutum","Pauxi_pauxi","Nothocrax urumutum","Pauxi pauxi",21631003.7764599,4.260864135,-70.290334665,2.4990073337971,296.911900465887,0.0000932927187272823,0.0000564158075035333,0.207547169811321,0.0540880503144654,11.1083706055,3.42,1084030.38188418,453902.735023505,1,"NTNT",FALSE
"Ortalis_cinereiceps",165,"Ortalis_cinereiceps","Ortalis_garrula","Ortalis cinereiceps","Ortalis garrula",21791433.8426688,8.268939395,-76.700757575,2.13965373813535,298.859624660714,0.000130062026110382,0.0000604321124126613,0.191780821917808,0.554171855541719,12.636791245,0.46,313875.898398416,184815.651784298,0.933231819632346,"NTNT",FALSE
"Chamaepetes_unicolor",191,"Chamaepetes_unicolor","Chamaepetes_goudotii","Chamaepetes unicolor","Chamaepetes goudotii",205318322.709497,4.35648148,-78.77685185,1.71048266351515,294.836729319487,0.000116740858477209,0.0000642294390619424,0.199248120300752,0.518796992481203,12.1152815505,2.89,1341272.74731397,664095.951296158,1,"NTNT",FALSE
"Oxyura_leucocephala",784,"Oxyura_leucocephala","Oxyura_maccoa","Oxyura leucocephala","Oxyura maccoa",506165351.546226,12.23867782,40.729970615,20.9560962828634,285.924388194923,0.0000356562820742921,0.0000209682375225826,0.321824907521578,0.162762022194821,44.71485589,2.35,9125957.79687399,1629123.51122258,0.987654052366919,"ATPA",FALSE
"Speculanas_specularis",814,"Speculanas_specularis","Amazonetta_brasiliensis","Speculanas specularis","Amazonetta brasiliensis",92423243.0559669,-38.349727335,-65.58580815,6.69369056836723,287.491117588473,0.0000631396341596259,0.0000516342350359265,0.12142152023692,0.312931885488648,37.707848715,2.62,3377568.63182234,670997.104742432,0.203436346167776,"NTNT",FALSE
"Burhinus_superciliaris",312,"Burhinus_superciliaris","Burhinus_bistriatus","Burhinus superciliaris","Burhinus bistriatus",106766970.846124,3.31711165,-79.10169903,2.86889396157796,296.483151833034,0.0000869290056680901,0.000038881806333285,0.200998751560549,0.514357053682896,43.315857555,1.16,1856384.09536702,768059.883035129,1,"NTNT",FALSE
"Gyps_fulvus",871,"Gyps_fulvus","Gyps_rueppellii","Gyps fulvus","Gyps rueppelli",437654000.168559,22.727136025,21.523154575,16.0929412524924,291.978271333768,0.0000421901454629008,0.0000203180669731987,0.0185830429732869,0,38.37692139,0.98,2819930.39481558,2480644.82780577,0.819598730935828,"ATPA",FALSE
"Melierax_poliopterus",595,"Melierax_poliopterus","Melierax_canorus","Melierax poliopterus","Melierax canorus",169969865.859179,-12.348481675,30.11766143,7.47810343285468,294.453179299493,0.0000569919727554289,0.000024689421486045,0.0330882352941176,0,38.366232015,2.9,2976861.91273511,735508.176738362,0.750133982189275,"ATAT",FALSE
"Leucopternis_albicollis",810,"Leucopternis_albicollis","Leucopternis_polionotus","Pseudastur albicollis","Pseudastur polionotus",50251882.8699446,-13.346989735,-52.92912528,4.98477430983744,295.535689903574,0.0000831936795222833,0.0000503866981773006,0.010989010989011,0,28.386899425,2.57,1973409.44233893,1296117.79987926,1,"NTNT",FALSE
"Nisaetus_bartelsi",280,"Nisaetus_bartelsi","Nisaetus_alboniger","Nisaetus bartelsi","Nisaetus alboniger",63648344.7410981,-2.839285715,105.04528061,1.31686487215847,298.617052214967,0.000091645263415347,0.0000787890300944924,0.06625,0.7125,23.60044228,1.73,987212.872688724,435328.532002411,1,"IMIM",TRUE
"Urocolius_indicus",638,"Urocolius_indicus","Colius_leucocephalus","Urocolius indicus","Colius leucocephalus",145828310.008673,-8.930636995,34.832711445,6.45901202926718,295.511572657946,0.0000654113878248486,0.0000277063026079394,0.0605686032138443,0.129789864029666,29.815693585,25.03,2373624.221176,715438.384866089,0.840849456689856,"ATAT",FALSE
"Harpactes_erythrocephalus",510,"Harpactes_erythrocephalus","Harpactes_whiteheadi","Harpactes erythrocephalus","Harpactes whiteheadi",395332212.352103,11.457142855,111.34915254,7.12893881215244,294.132802940338,0.0000771196009289579,0.0000704199346364138,0.0661764705882353,0.797794117647059,38.37123616,8.21,1764729.99852295,804827.864832018,0.95693691350606,"IMIM",TRUE
"Trogon_chionurus",761,"Trogon_chionurus","Trogon_viridis","Trogon chionurus","Trogon viridis",93063813.8518777,2.386848735,-71.935630255,2.34849518831795,297.133963426879,0.000145352112295315,0.0000846269482546807,0.202247191011236,0.0611735330836454,34.225650235,0.24,1176710.80232979,707604.250578837,1,"NTNT",FALSE
"Priotelus_temnurus",89,"Priotelus_temnurus","Priotelus_roseigaster","Priotelus temnurus","Temnotrogon roseigaster",40483943.3470108,19.665789475,-74.257894735,3.93304353360945,299.042439800814,0.0000348769846227046,0.0000257584430858483,0.0153121319199058,0.915194346289753,37.0368605,12.84,410940.20657606,182390.866719957,0.951166636314679,"NTNT",TRUE
"Pharomachrus_antisianus",215,"Pharomachrus_antisianus","Pharomachrus_fulgidus","Pharomachrus antisianus","Pharomachrus fulgidus",280898906.313673,5.484848485,-70.916666665,2.58662067383003,294.594409542173,0.0000779518349006454,0.0000456454495649777,0.206211180124224,0.156521739130435,38.974989475,0.29,1208451.96383695,740416.127785779,0.873279970482754,"NTNT",FALSE
"Merops_bulocki",776,"Merops_bulocki","Merops_bullockoides","Merops bulocki","Merops bullockoides",51388928.1262517,0.22482764,25.45048176,6.17161619460482,295.998060474739,0.0000915270578542236,0.0000413145164405209,0.06125,0,25.874208335,4.87,1592298.88001918,1005545.22393404,0.756484436179863,"ATAT",FALSE
"Todus_mexicanus",47,"Todus_mexicanus","Todus_subulatus","Todus mexicanus","Todus subulatus",2375220.22447132,18.270833335,-68.0625,3.30012355971586,298.85499247944,0.0000294025385548639,0.0000184557839807285,0.0202622169249106,0.936829558998808,15.476472115,15.44,252550.213381011,62026.6223875961,1,"NTNT",TRUE
"Alcedo_websteri",588,"Alcedo_websteri","Alcedo_azurea","Ceyx websteri","Ceyx azureus",25868610.3400169,-6.3046252,144.54596719,4.47653628437603,297.302215218419,0.0000737409360785378,0.0000775171079192614,0.109316770186335,0.696894409937888,24.218436505,1.53,992455.708923936,598816.859768288,1,"AAAA",TRUE
"Selenidera_gouldii",480,"Selenidera_gouldii","Selenidera_maculirostris","Selenidera gouldii","Selenidera maculirostris",59078217.6022725,-16.662720955,-53.441603535,5.68089164925861,295.600518024399,0.000100603494421078,0.0000543523224582032,0.015625,0,16.559743615,0.98,1533838.44075401,701103.857912415,0.234935925474494,"NTNT",FALSE
"Semnornis_frantzii",50,"Semnornis_frantzii","Semnornis_ramphastinus","Semnornis frantzii","Semnornis ramphastinus",229336774.093703,5.6,-80.075,0.964614568483892,296.425059029406,0.000131263021255625,0.0000793286173184988,0.187112763320942,0.617100371747212,14.03871817,6.61,940026.004602559,197901.854290807,0.133423338331744,"NTNT",FALSE
"Capito_maculicoronatus",109,"Capito_maculicoronatus","Capito_squamatus","Capito maculicoronatus","Capito squamatus",49772494.6078621,3.644444445,-78.03611111,1.22682832870244,296.976670491702,0.000165870960032992,0.000109378928694987,0.203241895261845,0.442643391521197,18.40868136,0.85,600151.409558055,207152.265868568,0.812689932944721,"NTNT",FALSE
"Campephilus_gayaquilensis",849,"Campephilus_gayaquilensis","Campephilus_melanoleucos","Campephilus gayaquilensis","Campephilus melanoleucos",31777894.7695974,0.447841415,-73.49892501,2.48058434647107,296.893485544314,0.000113764639166433,0.0000719832789118636,0.20273631840796,0.0920398009950249,22.01768364,1.84,1249453.58742742,769683.507645884,1,"NTNT",FALSE
"Chalcopsitta_duivenbodei",181,"Chalcopsitta_duivenbodei","Chalcopsitta_sintillata","Chalcopsitta duivenbodei","Chalcopsitta scintillata",64109562.9715359,-4.48848684,139.767269735,1.45447668279791,296.827930201535,0.000099223096204834,0.000118245695264897,0.106382978723404,0.69837296620776,40.800305965,3.5,345922.614384086,407836.713152725,1,"AAAA",FALSE
"Bolbopsittacus_lunulatus",514,"Bolbopsittacus_lunulatus","Pezoporus_occidentalis","Bolbopsittacus lunulatus","Pezoporus occidentalis",345624690.440814,-8.287904065,131.20800313,8.53922790499455,297.125231518996,0.0000651745868919688,0.0000521647148873955,0.0261519302615193,0.74719800747198,42.860894595,3.76,4915088.14109842,604709.155712781,0.965581538562548,"AAIM",TRUE
"Agapornis_nigrigenis",115,"Agapornis_nigrigenis","Agapornis_lilianae","Agapornis nigrigenis","Agapornis lilianae",12297194.1685187,-14.722222225,28.65740741,9.4213855379496,293.698414449494,0.000108409290434198,0.0000401982614097913,0.0266990291262136,0.00121359223300971,39.75992495,0.4,699216.835749122,226706.067160741,1,"ATAT",FALSE
"Eunymphicus_cornutus",12,"Eunymphicus_cornutus","Eunymphicus_uvaeensis","Eunymphicus cornutus","Eunymphicus uvaeensis",31039109.6744195,-20.583333335,165.916666665,5.94320604856158,297.145206942545,0.0000610498141990148,0.0000384054982681851,0,0.989461358313817,39.09305418,0.84,188784.256426462,71768.2246860468,1,"AAAA",TRUE
"Platycercus_caledonicus",298,"Platycercus_caledonicus","Platycercus_elegans","Platycercus caledonicus","Platycercus elegans",9305319.79642446,-38.0781471,145.077263085,9.33128105474808,287.228453641907,0.0000275824349023393,0.0000301228370500158,0.0551181102362205,0.611220472440945,42.721209385,1.53,512182.655939324,316339.06586759,0.913819786310604,"AAAA",TRUE
"Neophema_chrysogaster",203,"Neophema_chrysogaster","Neophema_pulchella","Neophema chrysogaster","Neophema pulchella",30538067.5313037,-38.458333335,145.964285715,9.55947509454399,286.800515487045,0.0000332485776194727,0.0000336020104503536,0.0558823529411765,0.638235294117647,45.24398336,1.25,905875.996286287,220792.890738013,0.86772942261952,"AAAA",TRUE
"Alisterus_scapularis",345,"Alisterus_scapularis","Alisterus_chloropterus","Alisterus scapularis","Alisterus chloropterus",165546911.68074,-17.109872255,145.20125504,6.58782820560935,293.122825554149,0.000072176502750341,0.0000768800220622837,0.003584229390681,0.547192353643967,43.645542215,2.69,2607915.84611079,793685.51237224,0.717341613259832,"AAAA",TRUE
"Psittacula_calthropae",85,"Psittacula_calthropae","Psittacula_columboides","Psittacula calthrapae","Psittacula columboides",46232341.7206689,9.42105263,78.57894737,3.25649025017121,298.932473722415,0.00016507448658107,0.0000714504904175472,0.0419753086419753,0.760493827160494,45.622258745,2.76,758085.266440493,219980.2335452,1,"IMIM",TRUE
"Anodorhynchus_leari",469,"Anodorhynchus_leari","Anodorhynchus_hyacinthinus","Anodorhynchus leari","Anodorhynchus hyacinthinus",19072700.1143327,-10.612290865,-43.741634495,4.93951425876617,297.149985481291,0.0000937135219179214,0.0000438182055406663,0.0626535626535627,0.0614250614250614,30.798540155,4.06,851100.608437617,362293.138190292,1,"NTNT",FALSE
"Pyrrhura_lepida",364,"Pyrrhura_lepida","Pyrrhura_perlata","Pyrrhura lepida","Pyrrhura perlata",7009408.11711791,-5.241798945,-54.23796296,3.32247812281643,297.922611585135,0.000144842601517857,0.000070104612966093,0.00881612090680101,0.0163727959697733,33.384036615,0.91,709234.018498272,337483.993520789,1,"NTNT",FALSE
"Pyrrhura_molinae",455,"Pyrrhura_molinae","Pyrrhura_frontalis","Pyrrhura molinae","Pyrrhura frontalis",38477342.8434825,-21.410281935,-56.680670595,6.96095132987405,294.278035743709,0.0000836718160239487,0.0000482735205102691,0.0514018691588785,0,39.65515418,1.58,990097.558878622,432234.125257321,1,"NTNT",FALSE
"Pyrrhura_hoffmanni",25,"Pyrrhura_hoffmanni","Pyrrhura_rhodocephala","Pyrrhura hoffmanni","Pyrrhura rhodocephala",437744758.254133,8.75,-76.5625,2.44738255277156,297.413396417207,0.0000867295762517944,0.0000386540898348929,0.188585607940447,0.574441687344913,39.44915939,1.76,1141550.18363957,76151.3556059419,0.519440605283676,"NTNT",FALSE
"Pyrilia_haematotis",217,"Pyrilia_haematotis","Pyrilia_pulchra","Pyrilia haematotis","Pyrilia pulchra",66822503.6324486,7.15241228,-78.81825658,2.46628195336061,297.086495726082,0.000123975322404421,0.0000878276357661625,0.19106699751861,0.600496277915633,35.99004865,4.69,562437.172580206,322592.962791948,1,"NTNT",FALSE
"Pyrilia_barrabandi",533,"Pyrilia_barrabandi","Pyrilia_pyrilia","Pyrilia barrabandi","Pyrilia pyrilia",22109320.4887663,2.57761447,-71.623459585,2.57613484596529,296.505701810195,0.000131028747182119,0.0000749676715243777,0.201995012468828,0.0486284289276808,38.58650316,4.52,1143190.5073787,499384.811853369,0.964892760713052,"NTNT",FALSE
"Pionus_senilis",252,"Pionus_senilis","Pionus_chalcopterus","Pionus senilis","Pionus chalcopterus",134963149.165435,6.97380952,-82.15654762,3.39689602865635,295.575137804427,0.000101408732215677,0.0000669380703746456,0.12453300124533,0.748443337484433,36.270227885,1.84,1631369.47727889,450677.038130403,0.93168589707182,"NTNT",FALSE
"Amazona_rhodocorytha",154,"Amazona_rhodocorytha","Amazona_dufresniana","Amazona rhodocorytha","Amazona dufresniana",113008248.509876,-6.243421055,-47.414473685,4.4420168498589,296.205904949183,0.0000696500435500922,0.0000360888357154755,0.0174346201743462,0.123287671232877,30.14538338,1.38,3128390.64536276,254537.690708666,0.782366948485183,"NTNT",FALSE
"Amazona_tucumana",60,"Amazona_tucumana","Amazona_pretrei","Amazona tucumana","Amazona pretrei",236989014.920682,-27.654166665,-59,9.06260373547929,288.949837982799,0.000102245802788862,0.0000664683686589499,0.0851769911504425,0.0176991150442478,32.35464333,2.05,1195131.39551572,135541.871221769,0.214749738029095,"NTNT",FALSE
"Alipiopsitta_xanthops",489,"Alipiopsitta_xanthops","Graydidascalus_brachyurus","Alipiopsitta xanthops","Graydidascalus brachyurus",43788895.5318391,-8.60383169,-60.252935225,4.00849231106254,297.493213669611,0.000105968699203902,0.0000559549541371293,0.00246913580246914,0,30.36776305,10.65,1925438.83574167,901984.212526648,0.942432029485157,"NTNT",FALSE
"Triclaria_malachitacea",300,"Triclaria_malachitacea","Psilopsiagon_aurifrons","Triclaria malachitacea","Psilopsiagon aurifrons",128205533.276058,-25.935185185,-59.537037035,7.58132917330216,288.355325995251,0.0000795641487718642,0.0000482257627014462,0.133858267716535,0,37.20460194,4.44,1867769.64872215,697725.037552705,0.991879918815013,"NTNT",FALSE
"Brotogeris_jugularis",279,"Brotogeris_jugularis","Brotogeris_pyrrhoptera","Brotogeris jugularis","Brotogeris pyrrhoptera",116701124.906778,3.463383835,-78.6489899,1.85363526024444,297.12003935961,0.000118138793283967,0.0000662058238181403,0.202988792029888,0.480697384806974,41.70662468,3.05,1168937.39527585,311071.40302593,1,"NTNT",FALSE
"Cacatua_sanguinea",682,"Cacatua_sanguinea","Cacatua_ducorpsii","Cacatua sanguinea","Cacatua ducorpsii",330092077.668181,-15.00022894,147.25892857,6.79600612505695,297.555690396222,0.000065167719256304,0.000069623276418451,0.0240384615384615,0.695913461538462,33.76991533,3.68,2635701.9476729,770911.632022577,1,"AAAA",TRUE
"Cacatua_alba",62,"Cacatua_alba","Cacatua_moluccensis","Cacatua alba","Cacatua moluccensis",19961343.898835,-1.634615385,128.36923077,3.86139443145147,299.082865729983,0.0000635880273449171,0.000066667699382704,0.0474406991260924,0.873907615480649,30.171825435,4.88,278475.259952433,126154.568234846,1,"AAAA",TRUE
"Pitta_steerii",228,"Pitta_steerii","Pitta_versicolor","Pitta steerii","Pitta versicolor",326298504.706609,-4.047336065,135.242008195,5.35036167502532,296.17228128122,0.0000638478132841858,0.0000631364619416243,0.0752823086574655,0.765370138017566,14.803482305,3.16,3842791.82196265,593124.176124237,0.875162738060843,"AAIM",TRUE
"Pitta_elliotii",209,"Pitta_elliotii","Pitta_gurneyi","Hydrornis elliotii","Hydrornis gurneyi",41463067.2661103,12.091911765,102.01470588,7.1213505783943,296.947187967368,0.000117949279978865,0.0000588830837073728,0.218826405867971,0.5,19.348502115,2.73,669305.939757661,155738.926344936,0.721895595194718,"IMIM",FALSE
"Chiroxiphia_boliviana",370,"Chiroxiphia_boliviana","Chiroxiphia_caudata","Chiroxiphia boliviana","Chiroxiphia caudata",541875888.475029,-19.978523165,-60.64695946,6.49750340051247,289.851624978032,0.00012209124972462,0.000077317765778958,0.206124852767962,0,16.50277013,1.51,1746253.66810869,411861.167405756,0.357470674219573,"NTNT",FALSE
"Neopelma_sulphureiventer",393,"Neopelma_sulphureiventer","Neopelma_chrysocephalum","Neopelma sulphureiventer","Neopelma chrysocephalum",14747480.6847834,-3.610431235,-69.453146855,2.71387687556141,296.663126875977,0.0000966651512866322,0.0000608227531901649,0.027363184079602,0,18.40885192,3.62,907722.859183719,470259.96405155,1,"NTNT",FALSE
"Rupicola_peruvianus",449,"Rupicola_peruvianus","Rupicola_rupicola","Rupicola peruvianus","Rupicola rupicola",258837221.148217,2.050233885,-72.1858368,2.35055207494419,293.940819998439,0.00013552045347857,0.0000783318332447659,0.19875,0.05875,13.11402941,5.65,655608.753157667,598221.771732601,0.587527807661115,"NTNT",FALSE
"Pachyramphus_castaneus",722,"Pachyramphus_castaneus","Pachyramphus_cinnamomeus","Pachyramphus castaneus","Pachyramphus cinnamomeus",33985753.7210747,2.501485075,-71.41308493,3.49152742532918,296.563402117419,0.000101519509432008,0.0000599653957417372,0.197761194029851,0.0435323383084577,19.483534245,1.77,1461845.44206149,721418.135411997,0.903098149868175,"NTNT",FALSE
"Pachyramphus_rufus",576,"Pachyramphus_rufus","Pachyramphus_spodiurus","Pachyramphus rufus","Pachyramphus spodiurus",181073866.687379,0.772306395,-75.04280904,1.79358225127455,297.082821627534,0.000113029470691412,0.0000721136900364214,0.22,0.1825,21.490299985,0.72,1113960.78227664,684309.927069207,1,"NTNT",FALSE
"Myiophobus_ochraceiventris",81,"Myiophobus_ochraceiventris","Myiophobus_lintoni","Nephelomyias ochraceiventris","Nephelomyias lintoni",234426085.308978,-5.978070175,-78.030701755,2.73428685215894,289.653870801572,0.000129905145609722,0.0000762817471465669,0.220715166461159,0.394574599260173,16.92638394,1.11,397163.396156249,150978.799326012,0.648499102990936,"NTNT",FALSE
"Myiopagis_gaimardii",773,"Myiopagis_gaimardii","Myiopagis_subplacens","Myiopagis gaimardii","Myiopagis subplacens",195403921.524871,-1.511195865,-73.407439305,2.43036969230089,296.938514750593,0.000113798683363946,0.0000671224487817694,0.212951432129514,0.0572851805728518,17.322061645,3.92,1465185.17580494,737877.419574086,1,"NTNT",FALSE
"Empidonax_atriceps",213,"Empidonax_atriceps","Empidonax_fulvifrons","Empidonax atriceps","Empidonax fulvifrons",197410449.896626,13.75735294,-89.23406863,5.34535358025004,294.512057080556,0.0000752163274012452,0.0000386442688676937,0.0609756097560976,0.684146341463415,20.78422938,2.1,1451315.11349695,452797.93465277,0.731188828007472,"NTNT",FALSE
"Mitrephanes_phaeocercus",289,"Mitrephanes_phaeocercus","Mitrephanes_olivaceus","Mitrephanes phaeocercus","Mitrephanes olivaceus",556280812.182265,1.0734127,-80.18543956,4.87207508410001,289.773780174908,0.000119021003912225,0.0000730646982144707,0.194271481942715,0.552926525529265,23.578487735,3.62,2042281.79423742,834104.106009198,0.665200361711488,"NTNT",FALSE
"Corythopis_delalandi",786,"Corythopis_delalandi","Corythopis_torquatus","Corythopis delalandi","Corythopis torquatus",44501196.9064884,-12.922809915,-57.530355735,4.82468929268815,296.537012443951,0.000099253243134375,0.0000534652522029299,0.00613496932515337,0,15.317887215,6.75,920258.736062207,939987.813190992,1,"NTNT",FALSE
"Thamnophilus_nigriceps",102,"Thamnophilus_nigriceps","Thamnophilus_praecox","Thamnophilus nigriceps","Thamnophilus praecox",157720500.430228,3.958333335,-75.510416665,1.73472149333613,295.113101781213,0.000109370485988679,0.0000685857261858667,0.203955500618047,0.288009888751545,7.874931217,2.09,937047.481340325,170474.799926461,1,"NTNT",FALSE
"Thamnophilus_pelzelni",491,"Thamnophilus_pelzelni","Thamnophilus_sticturus","Thamnophilus pelzelni","Thamnophilus sticturus",62532504.378044,-16.04275341,-55.66456728,5.57957741286796,297.588976723498,0.0000941629166378432,0.0000436254558701416,0.00841346153846154,0,11.179447545,1.01,938386.890309159,604301.526434456,1,"NTNT",FALSE
"Thamnophilus_tenuepunctatus",476,"Thamnophilus_tenuepunctatus","Thamnophilus_palliatus","Thamnophilus tenuepunctatus","Thamnophilus palliatus",103138626.69184,-7.27777778,-69.74801587,2.96629114046486,294.295795427681,0.000101506544402262,0.0000580788939054024,0.16270337922403,0,8.836684864,0.6,1815163.74170712,532232.520068284,1,"NTNT",FALSE
"Drymophila_rubricollis",261,"Drymophila_rubricollis","Cercomacra_manu","Drymophila rubricollis","Cercomacra manu",74963932.3203795,-17.40253411,-59.875,5.94144755873751,294.870191841913,0.0000930873644457686,0.0000558481723155701,0.138755980861244,0,9.354986091,2.83,1976884.50819807,476276.605506732,1,"NTNT",FALSE
"Hylophylax_naevius",683,"Hylophylax_naevius","Hylophylax_naevioides","Hylophylax naevius","Hylophylax naevioides",137212231.604679,1.80967269,-72.418191295,2.24961219970739,297.0674849523,0.00012521351765749,0.0000736345885215584,0.195760598503741,0.0673316708229426,13.856264035,4.75,1339731.4745782,611667.998683824,0.963743670245314,"NTNT",FALSE
"Melanopareia_torquata",540,"Melanopareia_torquata","Melanopareia_maximiliani","Melanopareia torquata","Melanopareia maximiliani",43043673.2973167,-19.399880975,-58.069584325,8.30513906934721,295.09332929928,0.0000949726773924516,0.0000476007252621393,0.0869565217391304,0,6.5217361615,7.47,1051478.01135477,596059.403276128,1,"NTNT",FALSE
"Drymornis_bridgesii",387,"Drymornis_bridgesii","Campylorhamphus_pucherani","Drymornis bridgesii","Drymotoxeres pucheranii",136506466.603341,-17.52355688,-67.80608022,7.97935716024227,290.565457565415,0.0000939954677952065,0.0000579064466596789,0.408114558472554,0.186157517899761,15.311200405,4.08,2289998.96110041,723976.768128142,0.787776076380695,"NTNT",FALSE
"Tarphonomus_harterti",344,"Tarphonomus_harterti","Tarphonomus_certhioides","Tarphonomus harterti","Tarphonomus certhioides",49514443.6005384,-21.53030303,-63.418939395,9.57796522386219,287.441299364185,0.000101952114340611,0.0000576908487166253,0.324418604651163,0.0488372093023256,12.60542361,0.66,468223.595777373,326626.284047527,1,"NTNT",FALSE
"Cinclodes_taczanowskii",116,"Cinclodes_taczanowskii","Cinclodes_nigrofumosus","Cinclodes taczanowskii","Cinclodes nigrofumosus",167396355.000401,-19.2375,-71.05,4.36256473483079,291.749775581223,0.0000377375839508194,0.0000159721339090484,0.438534278959811,0.423167848699764,22.626722,0.14,503456.696041263,197377.021392032,0.558163746453958,"NTNT",FALSE
"Cinclodes_oustaleti",310,"Cinclodes_oustaleti","Cinclodes_olrogi","Cinclodes oustaleti","Cinclodes olrogi",146243021.901902,-41.680555555,-68.661858975,12.1208582496503,285.778291962284,0.0000350799412327801,0.0000318773009585577,0.136960600375235,0.445590994371482,24.86605306,0.27,2227040.95848883,290052.612096231,1,"NTNT",FALSE
"Margarornis_bellulus",214,"Margarornis_bellulus","Margarornis_squamiger","Margarornis bellulus","Margarornis squamiger",20199793.3173618,6.036231885,-76.320652175,1.72706754567877,294.579548321676,0.000166823078067683,0.0000871502938379593,0.203980099502488,0.430348258706468,19.78368215,0.64,554874.789761347,379905.476764638,1,"NTNT",FALSE
"Geositta_crassirostris",353,"Geositta_crassirostris","Geositta_poeciloptera","Geositta crassirostris","Geositta poeciloptera",1711509535.51224,-15.837323945,-64.508450705,4.51684500338485,293.043230068692,0.0000904086460010957,0.0000407145581833487,0.315598548972189,0.0314389359129383,17.895976015,6.15,2091967.7030254,464532.313092147,0.403972310583694,"NTNT",FALSE
"Rhinocrypta_lanceolata",326,"Rhinocrypta_lanceolata","Acropternis_orthonyx","Rhinocrypta lanceolata","Acropternis orthonyx",158920513.497396,-12.532142855,-69.85982143,7.81053165929916,291.968159142425,0.0000911844848500641,0.0000529360846704959,0.326829268292683,0.130487804878049,6.171120975,12.78,3326104.30488022,546686.584615983,1,"NTNT",FALSE
"Psilorhamphus_guttatus",461,"Psilorhamphus_guttatus","Liosceles_thoracicus","Psilorhamphus guttatus","Liosceles thoracicus",151768536.684576,-16.421585365,-59.95817073,5.25343215148473,294.524933727339,0.0000816168216865334,0.000054436240464645,0.127557160048135,0,8.378360461,13.34,2704549.28207843,655325.237647077,1,"NTNT",FALSE
"Amytornis_purnelli",221,"Amytornis_purnelli","Amytornis_ballarae","Amytornis purnelli","Amytornis ballarae",62624597.0563892,-20.86567164,135.020988805,12.8698997740763,296.44602758567,0.0000623145614955827,0.000027858385067564,0.00232558139534884,0.0709302325581395,9.3574342545,5.25,672927.507338964,252493.505940259,1,"AAAA",FALSE
"Dasyornis_broadbenti",31,"Dasyornis_broadbenti","Dasyornis_longirostris","Dasyornis broadbenti","Dasyornis longirostris",59251160.2729188,-35.375,129.708333335,8.05070261417445,288.804822752892,0.0000193869361535257,0.0000196216997747848,0,0.687436159346272,5.9265961595,8.9,1868391.84040577,69038.8297801904,0.538468442270712,"AAAA",FALSE
"Acanthorhynchus_superciliosus",323,"Acanthorhynchus_superciliosus","Acanthorhynchus_tenuirostris","Acanthorhynchus superciliosus","Acanthorhynchus tenuirostris",57182264.1615505,-34.928543615,131.428640965,10.069425324031,289.865489359613,0.000032219993958229,0.0000238274743671672,0.00102774922918808,0.634121274409044,18.224825445,10.85,2043948.32753554,448959.720078826,1,"AAAA",FALSE
"Anthochaera_chrysoptera",314,"Anthochaera_chrysoptera","Anthochaera_lunulata","Anthochaera chrysoptera","Anthochaera lunulata",48597340.3866525,-34.728494625,130.396505375,10.5785763931033,289.482990392769,0.0000272487421968715,0.0000229980437466785,0,0.632780082987552,20.250590995,4.3,1848888.6537405,316301.094567011,1,"AAAA",FALSE
"Acanthiza_reguloides",421,"Acanthiza_reguloides","Acanthiza_inornata","Acanthiza reguloides","Acanthiza inornata",65042164.2287308,-33.36309042,130.42759784,11.0947335828667,291.077409080952,0.0000370876003900497,0.0000229123709499064,0.00314465408805031,0.527253668763103,13.40329276,3.72,2442886.30803618,385936.776431915,1,"AAAA",FALSE
"Acanthiza_pusilla",340,"Acanthiza_pusilla","Acanthiza_katherina","Acanthiza pusilla","Acanthiza katherina",45157816.3535555,-21.5975094,146.946898495,9.65970136814035,292.437261410566,0.0000666200265231899,0.0000330464125417529,0,0.350815850815851,16.09518443,2.29,1138174.65775126,332418.238076667,0.619058595723135,"AAAA",FALSE
"Acanthiza_murina",447,"Acanthiza_murina","Acanthiza_nana","Acanthiza murina","Acanthiza nana",1002226221.28968,-19.088425925,144.19236111,7.25831346290561,292.892035899311,0.0000713409117472983,0.0000770398739220704,0,0.384160756501182,20.16566099,4.74,2744276.09220193,603723.07589775,0.858624548631594,"AAAA",TRUE
"Orthonyx_novaeguineae",134,"Orthonyx_novaeguineae","Orthonyx_temminckii","Orthonyx novaeguineae","Orthonyx temminckii",1807963246.50611,-17.654682275,146.74916388,6.53728629104584,292.303517712434,0.0000656921968735849,0.0000754939632945663,0.00357142857142857,0.566666666666667,10.236958715,14.37,2999571.13676617,664500.161576494,0.0737490149146638,"AAAA",TRUE
"Mohoua_ochrocephala",67,"Mohoua_ochrocephala","Mohoua_albicilla","Mohoua ochrocephala","Mohoua albicilla",100768516.874703,-42.511904765,172.330357145,8.09826413185657,285.089057492605,0.0000165115908330662,0.0000492769456441043,0.0354251012145749,0.881578947368421,19.601013805,5.12,653661.780253985,234062.959499054,0.105737181006049,"AAAA",TRUE
"Coracina_incerta",254,"Coracina_incerta","Coracina_morio","Edolisoma incertum","Edolisoma morio",155174835.979178,-1.7375,129.4375,1.13228823207939,297.849501457685,0.0000754571279282029,0.000100075817806679,0.0426065162907268,0.87719298245614,26.83212176,0.63,1419737.22883207,536253.140022122,1,"AAAA",TRUE
"Lalage_leucopyga",200,"Lalage_leucopyga","Lalage_sueurii","Lalage leucopyga","Lalage sueurii",365655883.982166,-12.187543985,144.73530964,3.13227827576863,298.854759540859,0.0000845948982468744,0.0000639615481721889,0.0636474908200734,0.657282741738066,25.624588445,2.69,5009295.04406404,495918.984436607,1,"AAAA",TRUE
"Lalage_leucopygialis",454,"Lalage_leucopygialis","Lalage_nigra","Lalage leucopygialis","Lalage nigra",65992204.9346381,-0.076336725,117.436367655,1.12809126318096,298.927754985663,0.0000693630677774,0.000082444958294245,0.103491271820449,0.628428927680798,26.21245312,5.01,874982.416364367,500611.232755053,1,"AAIM",TRUE
"Pericrocotus_roseus",392,"Pericrocotus_roseus","Pericrocotus_tegimae","Pericrocotus roseus","Pericrocotus tegimae",637217036.489681,26.680555555,115.243055555,17.6243478204909,289.491991135694,0.000095392140980526,0.0000520860524015409,0.344170403587444,0.302690582959641,31.504132845,1.6,2793583.81447202,843488.902830669,1,"IMIM",TRUE
"Platysteira_jamesoni",302,"Platysteira_jamesoni","Platysteira_chalybea","Dyaphorophyia jamesoni","Dyaphorophyia chalybea",39029935.7041342,2.027505205,19.568465655,2.11402090013191,294.951774215008,0.000104330444241819,0.0000718143855742409,0.00124378109452736,0,9.438787034,2.38,1230675.38817948,254022.644127984,0.62776718806046,"ATAT",FALSE
"Platysteira_laticincta",570,"Platysteira_laticincta","Platysteira_peltata","Platysteira laticincta","Platysteira peltata",1044410118.88155,-3.15046917,20.321380695,4.62617807704137,294.414495576422,0.000119130760160332,0.0000588575568751104,0.0025,0,13.05366756,4.72,2980730.22988906,635420.586381991,1,"ATAT",FALSE
"Laniarius_ruficeps",431,"Laniarius_ruficeps","Laniarius_luehderi","Laniarius ruficeps","Laniarius luehderi",134355369.923722,2.471856725,34.0035636,3.32165365041742,296.151425683071,0.0000796896608973415,0.0000459232131848144,0.188351920693928,0,6.5107009985,7.62,1755160.74153987,755824.005667498,1,"ATAT",FALSE
"Cyanocorax_sanblasianus",95,"Cyanocorax_sanblasianus","Cyanocorax_beecheii","Cyanocorax sanblasianus","Cyanocorax beecheii",29574414.8738791,21.603896105,-105.38474026,6.06780411403866,296.117501436292,0.0000880806329460547,0.0000421643655109532,0.322880371660859,0.492450638792102,12.683615985,1.98,292194.561415771,127559.485030303,0.856947805061577,"NTNT",FALSE
"Cyanocorax_caeruleus",338,"Cyanocorax_caeruleus","Cyanocorax_morio","Cyanocorax coeruleus","Cyanocorax morio",362326515.26248,-6.47335805,-70.981302965,8.12247138845876,294.03161149204,0.0000512231634254508,0.000040918633527167,0.189655172413793,0,12.962965415,3.59,6214707.6957368,557527.238464462,1,"NTNT",FALSE
"Cyanolyca_cucullata",104,"Cyanolyca_cucullata","Cyanolyca_pulchra","Cyanolyca cucullata","Cyanolyca pulchra",482647687.997541,8.958333335,-83.333333335,3.27223460811238,294.756428686602,0.00011621449741248,0.0000822090653942888,0.0728395061728395,0.802469135802469,12.440897301,7.23,1850645.39548335,516282.093825402,1,"NTNT",FALSE
"Cyanolyca_turcosa",149,"Cyanolyca_turcosa","Cyanolyca_viridicyanus","Cyanolyca turcosa","Cyanolyca viridicyanus",96069606.492343,-6.041666665,-77.9,2.66164184365675,289.495789022899,0.000127190473960058,0.0000783876987370872,0.22360248447205,0.386335403726708,10.168686283,4.8,467929.186238774,217037.630458466,0.746683849298695,"NTNT",FALSE
"Cyanolyca_pumilo",64,"Cyanolyca_pumilo","Cyanolyca_argentigula","Cyanolyca pumilo","Cyanolyca argentigula",192740045.216257,12.21875,-86.359375,3.14383648478034,297.277597415271,0.0000742580532791495,0.0000361569994894823,0.0552825552825553,0.73955773955774,9.6692345435,2.63,787774.103640486,170525.900339882,1,"NTNT",FALSE
"Cyanolyca_nana",28,"Cyanolyca_nana","Cyanolyca_mirabilis","Cyanolyca nanus","Cyanolyca mirabilis",27039657.2290718,17.166666665,-96.875,6.29975822607675,291.952499331504,0.0000572487510371904,0.00004139429433503,0.174432497013142,0.606929510155317,11.871352895,5.33,95984.6119870335,82281.9566254368,0.0742132832966559,"NTNT",FALSE
"Perisoreus_internigrans",972,"Perisoreus_internigrans","Perisoreus_infaustus","Perisoreus internigrans","Perisoreus infaustus",1856939636.91838,43.7436,111.3862,33.094237645035,269.241627822043,0.0000451792790250319,0.0000281906437841475,0.136612021857924,0.0109289617486339,18.635594515,3.19,2693462.27034582,786132.849029356,1,"PAPA",FALSE
"Ptiloris_paradiseus",94,"Ptiloris_paradiseus","Ptiloris_victoriae","Lophorina paradisea","Lophorina victoriae",35634425.7709984,-22.07738095,148.92261905,9.56104039593812,292.813825648116,0.0000710042069929527,0.0000369995800918161,0.00232018561484919,0.448955916473318,8.778845255,1.36,1005984.41092261,195950.61833345,0.124876236368905,"AAAA",FALSE
"Astrapia_nigra",43,"Astrapia_nigra","Astrapia_splendidissima","Astrapia nigra","Astrapia splendidissima",115158557.08483,-2.625,135.408333335,1.03119294758885,296.361326007432,0.0000645284395441445,0.000117053014429026,0.07375,0.77875,11.748561545,1.96,537256.53630363,163898.951961802,0.701378622231919,"AAAA",TRUE
"Dicrurus_megarhynchus",474,"Dicrurus_megarhynchus","Dicrurus_bracteatus","Dicrurus megarhynchus","Dicrurus bracteatus",7622191.08165134,-4.63427673,146.89748428,3.53388790096088,298.053475733685,0.0000618875470861223,0.0000790838928826345,0.0906832298136646,0.762732919254658,22.549172465,4.83,1234990.10881868,606620.472047214,1,"AAAA",TRUE
"Dicrurus_macrocercus",987,"Dicrurus_macrocercus","Dicrurus_adsimilis","Dicrurus macrocercus","Dicrurus adsimilis",582777261.72456,14.83274097,51.017608675,12.4137332281239,293.450073806467,0.0000913280041677146,0.0000402112617603749,0.0682095006090134,0.457978075517661,25.46354327,1.82,6899136.33372291,2035011.36545978,0.881194655471861,"ATIM",FALSE
"Picathartes_gymnocephalus",233,"Picathartes_gymnocephalus","Picathartes_oreas","Picathartes gymnocephalus","Picathartes oreas",37659472.8920383,3.96875,3.098511905,2.53983761256699,296.958483278528,0.000118173400148958,0.0000666128059213049,0.024906600249066,0.574097135740971,4.879253466,4.68,1558249.12608593,315739.289579096,0.984694189512644,"ATAT",FALSE
"Eopsaltria_australis",413,"Eopsaltria_australis","Eopsaltria_griseogularis","Eopsaltria australis","Eopsaltria griseogularis",53991094.1936279,-32.99759763,139.06026375,11.9000580665822,290.787805612528,0.0000319049973015588,0.0000234593387995159,0.0187891440501044,0.31419624217119,24.06759049,5.02,1204230.60394025,569168.655935763,1,"AAAA",FALSE
"Melanodryas_cucullata",735,"Melanodryas_cucullata","Melanodryas_vittata","Melanodryas cucullata","Melanodryas vittata",66081682.1791613,-35.52092634,143.903013395,9.80176398791592,289.776670913364,0.0000356286980719078,0.000029030916420871,0.0633299284984678,0.415730337078652,24.43883489,2.31,1119806.23351467,497753.165542165,0.913819786310604,"AAAA",TRUE
"Parus_carolinensis",497,"Parus_carolinensis","Parus_sclateri","Poecile carolinensis","Poecile sclateri",69088011.4086869,29.612951495,-98.119375645,17.0536690128001,289.524725554395,0.0000498693954036772,0.0000370038377056478,0.141766630316249,0.215921483097056,18.449300005,6.06,1701492.47204842,673721.691123726,0.873724652237328,"NANA",FALSE
"Parus_albiventris",475,"Parus_albiventris","Parus_niger","Melaniparus albiventris","Melaniparus niger",49687136.9163149,-10.84971248,33.292915725,6.69744818488029,293.486181442595,0.0000859639486972884,0.0000376863330954525,0.045343137254902,0.0428921568627451,16.093450175,5.56,1085406.24674675,572817.673274986,1,"ATAT",FALSE
"Parus_dichrous",868,"Parus_dichrous","Parus_cristatus","Lophophanes dichrous","Lophophanes cristatus",3323753755.29499,42.42625326,66.420856275,22.6266002179648,278.550398444722,0.0000731830950893163,0.000042554792446043,0.210526315789474,0,19.47355224,7.18,5544937.28374974,1064344.9857782,1,"PAPA",FALSE
"Culicicapa_helianthea",702,"Culicicapa_helianthea","Culicicapa_ceylonensis","Culicicapa helianthea","Culicicapa ceylonensis",42478988.8123728,1.648929545,115.9487295,6.59656648333062,295.612284015123,0.0000896596336601447,0.00007149016999896,0.097622027534418,0.633291614518148,16.794785445,4.81,1225686.63442165,1085413.62910598,1,"IMIM",TRUE
"Thamnornis_chloropetoides",79,"Thamnornis_chloropetoides","Crossleyia_xanthophrys","Thamnornis chloropetoides","Crossleyia xanthophrys",22492485.4925052,-23.65909091,45.977272725,6.38064934912467,295.745067866594,0.0000787943746097686,0.000034808794410691,0.0438292964244521,0.806228373702422,10.0090868625,12.67,240343.506139498,146410.994625237,0.816545959904347,"ATAT",FALSE
"Hypocryptadius_cinnamomeus",124,"Hypocryptadius_cinnamomeus","Kakamega_poliothorax","Hypocryptadius cinnamomeus","Kakamega poliothorax",1889236509.68192,6.142857145,67.70238095,1.65257948346595,296.366549523671,0.0000831617128351386,0.0000792247881531305,0,1,16.15419438,15.53,12608204.1449893,285066.52197388,0.884043245809634,"ATIM",TRUE
"Yuhina_castaniceps",264,"Yuhina_castaniceps","Yuhina_everetti","Yuhina castaniceps","Yuhina everetti",752446345.587189,10.64309057,104.06442577,6.57215510552225,294.354854285558,0.000102158014664328,0.0000760767352466588,0.154791154791155,0.577395577395577,18.14708576,1.06,3120589.69112214,520306.050503654,0.861160889776724,"IMIM",TRUE
"Yuhina_nigrimenta",446,"Yuhina_nigrimenta","Yuhina_brunneiceps","Yuhina nigrimenta","Yuhina brunneiceps",152095850.022348,24.86525974,117.222402595,15.4705122832785,291.172933826665,0.0000899731188524547,0.0000495619896074222,0.23155505107832,0.492622020431328,17.818034065,5.17,787081.350165688,329811.118588548,1,"IMIM",TRUE
"Illadopsis_cleaveri",440,"Illadopsis_cleaveri","Illadopsis_albipectus","Illadopsis cleaveri","Illadopsis albipectus",33208642.1990187,0.180542455,16.988207545,2.15340630785727,296.173713762102,0.000106831758940616,0.000069794950005117,0.0037593984962406,0.025062656641604,7.5784490455,2.58,730146.111797743,390371.601085605,0.868323638956989,"ATAT",FALSE
"Sylvia_lugens",196,"Sylvia_lugens","Sylvia_buryi","Sylvia lugens","Sylvia buryi",500040723.139315,8.78148148,40.27962963,7.74932071672619,294.922022616707,0.0000824146397571656,0.0000274681394698875,0.291925465838509,0.0906832298136646,12.49689582,2.32,1647584.83137867,651976.761641811,0.62022482922856,"ATAT",FALSE
"Sylvia_subcaerulea",568,"Sylvia_subcaerulea","Sylvia_boehmi","Sylvia subcoerulea","Sylvia boehmi",111624516.062532,-12.773759465,28.238730025,7.55170164361612,293.576752254134,0.0000634481042928252,0.0000279769108310576,0.025703794369645,0,15.66952316,6.19,2336471.42083003,565747.196700553,0.944126125971989,"ATAT",FALSE
"Alcippe_manipurensis",352,"Alcippe_manipurensis","Alcippe_cinereiceps","Fulvetta manipurensis","Fulvetta cinereiceps",47064983.4247181,26.794422045,105.156048385,19.5981791035471,285.431260855194,0.0000952526397010331,0.0000493745513100817,0.785151856017998,0.0348706411698538,9.152231153,0.41,917280.982825648,412693.648326308,0.876071672216793,"IMIM",FALSE
"Alcippe_brunneicauda",319,"Alcippe_brunneicauda","Alcippe_grotei","Alcippe brunneicauda","Alcippe grotei",76384632.3524009,7.617857145,105.844217685,4.42133031842755,297.122242491171,0.0000887291155256471,0.0000711479260225358,0.102595797280593,0.704573547589617,12.86159276,5.19,1298229.46905607,625301.263434969,0.68852198041273,"IMIM",FALSE
"Bathmocercus_cerviniventris",253,"Bathmocercus_cerviniventris","Bathmocercus_rufus","Bathmocercus cerviniventris","Bathmocercus rufus",54535169.0924302,3.59008097,2.045040485,2.75646409862689,295.890383365202,0.000147966822545791,0.0000744766390726882,0.00870646766169154,0.630597014925373,8.923720393,2.91,2543970.54050642,364063.307151667,1,"ATAT",FALSE
"Eminia_lepida",496,"Eminia_lepida","Hypergerus_atriceps","Eminia lepida","Hypergerus atriceps",356944632.593603,4.965780545,23.614536195,3.74903750507209,295.700637048459,0.000101252738017371,0.000048075585469308,0.0111940298507463,0,8.032495054,7.42,1779393.57122385,570577.53372713,0.670892640390737,"ATAT",FALSE
"Andropadus_masukuensis",151,"Andropadus_masukuensis","Andropadus_tephrolaemus","Arizelocichla masukuensis","Arizelocichla tephrolaema",617930748.358069,0.492741935,22.13064516,3.4239198330493,294.306621691459,0.00011174506832543,0.0000618805656921582,0.0236612702366127,0,16.09116037,6.55,2869973.87296556,461900.032428881,0.396075923720459,"ATAT",FALSE
"Phyllastrephus_cerviniventris",321,"Phyllastrephus_cerviniventris","Phyllastrephus_poensis","Phyllastrephus cerviniventris","Phyllastrephus poensis",509142601.788412,-2.859762395,22.892561985,5.32682532006779,294.25367352499,0.000112498792997683,0.0000556565380965665,0.052434456928839,0,11.166491425,4.5,3471321.97570642,506551.630981771,0.796067486656688,"ATAT",FALSE
"Bernieria_apperti",100,"Bernieria_apperti","Bernieria_cinereiceps","Xanthomixis apperti","Xanthomixis cinereiceps",11267555.3427564,-22.854166665,45.770833335,6.63938708314675,295.925090590411,0.000084442244003998,0.0000345237120398809,0.046242774566474,0.794219653179191,12.67687263,4.51,176840.558983923,121207.899272362,1,"ATAT",FALSE
"Phylloscopus_cantator",442,"Phylloscopus_cantator","Phylloscopus_ricketti","Phylloscopus cantator","Phylloscopus ricketti",64457641.8109926,24.08035714,105.6375,18.5410039962267,286.881208852189,0.000123328773112749,0.0000556930690279883,0.660958904109589,0.113013698630137,18.511547955,1.57,845181.652625582,498002.931940445,0.990238381003094,"IMIM",FALSE
"Tachycineta_albiventer",876,"Tachycineta_albiventer","Tachycineta_albilinea","Tachycineta albiventer","Tachycineta albilinea",164955850.739341,5.78326195,-74.712701195,4.53312899054108,297.147160410087,0.0000856826081249342,0.0000459855547654564,0.20875,0.325,51.05054594,2.49,2401557.11688577,929769.963359687,1,"NTNT",FALSE
"Certhilauda_semitorquata",205,"Certhilauda_semitorquata","Certhilauda_curvirostris","Certhilauda semitorquata","Certhilauda curvirostris",89541973.7465037,-32.61051213,22.909703505,8.38052701972722,289.643093485587,0.0000361570905772635,0.0000245977092806928,0.0674394099051633,0.538461538461538,22.001875185,1.36,663516.361999981,290370.247513374,0.923132516677078,"ATAT",FALSE
"Certhilauda_burra",88,"Certhilauda_burra","Certhilauda_barlowi","Calendulauda burra","Calendulauda erythrochlamys",23649717.0595913,-28.973484845,18.075757575,9.24372106813903,292.7447915638,0.0000147755531330777,0.00000839092362488158,0.0230263157894737,0.447368421052632,19.359182695,0.92,323661.013107445,156866.739937927,0.380307738947639,"ATAT",FALSE
"Onychognathus_albirostris",263,"Onychognathus_albirostris","Onychognathus_tristramii","Onychognathus albirostris","Onychognathus tristramii",620532999.382014,17.65625,41.39393939,11.0772600929641,294.5457186024,0.0000495702085103869,0.0000171996841624895,0.192124105011933,0.193317422434368,27.065223745,5.7,1177756.93401945,820377.9929607,0.893090359709722,"ATAT",FALSE
"Lamprotornis_superbus",689,"Lamprotornis_superbus","Lamprotornis_pulcher","Lamprotornis superbus","Lamprotornis pulcher",129438135.482217,9.9293414,32.63486559,7.96038047289284,297.550392390401,0.0000533659694942211,0.0000207274874062075,0.239802224969098,0,27.793736275,4.92,1813423.71083427,935249.386322932,0.832540224426315,"ATAT",FALSE
"Lamprotornis_nitens",672,"Lamprotornis_nitens","Lamprotornis_chalcurus","Lamprotornis nitens","Lamprotornis chalcurus",155122719.375513,-5.039477405,19.303372175,6.9597991928749,295.33571560018,0.0000797971746453241,0.0000367225164041498,0.0111940298507463,0.0248756218905473,23.732737885,3.86,2953212.78010048,919352.654744294,0.763476436049181,"ATAT",FALSE
"Lamprotornis_cupreocauda",433,"Lamprotornis_cupreocauda","Lamprotornis_purpureiceps","Hylopsar cupreocauda","Hylopsar purpureiceps",16942572.9989891,3.99096651,4.604032025,2.54722708020477,296.763989191308,0.000126579076413745,0.000066955299835686,0.0360248447204969,0.522981366459627,27.15311007,4.69,1731907.43059906,583479.635223609,0.991061340501571,"ATAT",FALSE
"Poeoptera_stuhlmanni",180,"Poeoptera_stuhlmanni","Poeoptera_kenricki","Poeoptera stuhlmanni","Poeoptera kenricki",57524139.929194,-2.5989011,34.610576925,4.00001664216208,292.614546533363,0.0000937830552353393,0.0000486428423400737,0.114856429463171,0.0761548064918851,28.766209255,0.01,495575.950868154,419644.376149052,1,"ATAT",FALSE
"Speculipastor_bicolor",322,"Speculipastor_bicolor","Grafisia_torquata","Speculipastor bicolor","Grafisia torquata",120799213.92939,4.223557695,32.84615385,4.15331734486905,296.662622408265,0.0000844625254321889,0.0000418909092276773,0.21026282853567,0,27.332571575,9.73,1330236.34157206,411588.355563134,1,"ATAT",FALSE
"Toxostoma_cinereum",297,"Toxostoma_cinereum","Toxostoma_bendirei","Toxostoma cinereum","Toxostoma bendirei",21705267.32445,29.48157895,-112.98157895,16.1282217796754,292.008211952412,0.0000217483914842331,0.0000127370733409727,0.234649122807018,0.441885964912281,17.91595437,1.29,453969.918592812,349205.385719874,0.928272712866882,"NANA",FALSE
"Melanotis_caerulescens",229,"Melanotis_caerulescens","Melanotis_hypoleucus","Melanotis caerulescens","Melanotis hypoleucus",248161853.437734,17.638257575,-96.35558712,6.32466054213223,293.907781884037,0.0000712404863740915,0.0000381352241617256,0.172043010752688,0.590203106332139,12.77944964,5.53,890176.371557957,365997.914088571,0.997358371846534,"NTNT",FALSE
"Cinclocerthia_ruficauda",17,"Cinclocerthia_ruficauda","Cinclocerthia_gutturalis","Cinclocerthia ruficauda","Cinclocerthia gutturalis",5594316.27297549,13.75,-61.208333335,3.13344306465965,298.789565099054,0.0000351980217686667,0.0000153106701745104,0.0147058823529412,0.841911764705882,17.387626745,1.25,45062.3936864878,101388.80498112,1,"NTNT",TRUE
"Myadestes_melanops",30,"Myadestes_melanops","Myadestes_coloratus","Myadestes melanops","Myadestes coloratus",50878176.4716059,8.875,-80.041666665,0.970481376680663,298.530751290838,0.000144823510227399,0.0000684684352152141,0.158415841584158,0.686881188118812,21.856335725,1.07,340276.656125157,79535.2798735203,1,"NTNT",FALSE
"Myadestes_genibarbis",75,"Myadestes_genibarbis","Myadestes_elisabeth","Myadestes genibarbis","Myadestes elisabeth",45445966.2831322,19.59375,-74.96875,3.72498082615594,299.095235275833,0.0000367231089670643,0.0000261519595166266,0.0152941176470588,0.911764705882353,22.34803017,6.96,229524.553555426,201104.320852373,1,"NTNT",TRUE
"Turdus_albicollis",815,"Turdus_albicollis","Turdus_assimilis","Turdus albicollis","Turdus assimilis",167573727.205556,6.478360165,-77.18321755,4.79423688228327,295.469692704907,0.0000874802647442004,0.0000504186977854184,0.20573566084788,0.492518703241895,22.56070604,4.34,2926211.51577574,1018056.14655664,1,"NTNT",FALSE
"Turdus_nudigenis",394,"Turdus_nudigenis","Turdus_haplochrous","Turdus nudigenis","Turdus haplochrous",69540754.7563674,-5.68087121,-63.184929655,3.58227585928133,297.912202484853,0.0000963408201475222,0.0000469031662928226,0.0099626400996264,0,19.34662814,1.74,2048203.22150389,713221.86279619,0.920278240353411,"NTNT",FALSE
"Turdus_infuscatus",130,"Turdus_infuscatus","Turdus_nigrescens","Turdus infuscatus","Turdus nigrescens",185385060.098513,12.93939394,-87.59090909,3.49180268845105,296.520307523697,0.0000708945572296261,0.0000367609261696934,0.0536585365853659,0.712195121951219,25.712415305,3.93,1091762.77538792,353338.993196365,1,"NTNT",FALSE
"Turdus_unicolor",315,"Turdus_unicolor","Turdus_dissimilis","Turdus unicolor","Turdus dissimilis",341844386.272587,26.47032828,90.052083335,17.988736188923,285.907553771205,0.000135050564350021,0.0000553940889872163,0.572067039106145,0.0905027932960894,28.73010254,2.23,1457671.63163937,623474.971458102,0.89545064153991,"IMIM",FALSE
"Entomodestes_coracinus",138,"Entomodestes_coracinus","Entomodestes_leucotis","Entomodestes coracinus","Entomodestes leucotis",264070983.788185,-3.8703125,-76.3421875,2.37080885970205,290.642485847771,0.000150961321449327,0.00010300900172363,0.228571428571429,0.249689440993789,21.06230096,1.64,1271912.58785772,356738.500700297,0.411030032907209,"NTNT",FALSE
"Sigelus_silens",397,"Sigelus_silens","Empidornis_semipartitus","Melaenornis silens","Melaenornis semipartitus",198280293.109247,-12.552291285,29.506578945,7.26963077638668,293.179432685297,0.0000709627248515404,0.000037740787001384,0.0280487804878049,0,22.678175395,6.02,3118486.55891409,546954.661470285,0.40752700928515,"ATAT",FALSE
"Bradornis_microrhynchus",458,"Bradornis_microrhynchus","Namibornis_herero","Bradornis microrhynchus","Melaenornis herero",258101647.939743,-9.9822995,24.864505015,5.29600541670422,295.947632943211,0.0000577008820142269,0.0000217511466251102,0.0172626387176326,0,17.555163535,3.72,2917410.9614473,494992.192589924,1,"ATAT",FALSE
"Monticola_rupestris",504,"Monticola_rupestris","Monticola_angolensis","Monticola rupestris","Monticola angolensis",78973000.9908257,-20.227030435,27.58449635,7.89796961027275,291.140216958926,0.0000828595121145816,0.000041537651984542,0.0211764705882353,0.0211764705882353,20.03587888,0.9,1349256.0436234,636243.489428172,0.375215014625258,"ATAT",FALSE
"Myrmecocichla_melaena",537,"Myrmecocichla_melaena","Myrmecocichla_arnoti","Myrmecocichla melaena","Myrmecocichla arnotti",503882265.757025,-0.38722973,33.93092342,6.55563783127177,292.74843377696,0.0000921532410940035,0.0000385000873147709,0.139825218476904,0.0249687890137328,14.522584095,3.4,2345856.45591553,627605.928007985,0.98487028113052,"ATAT",FALSE
"Myrmecocichla_aethiops",561,"Myrmecocichla_aethiops","Oenanthe_monticola","Myrmecocichla aethiops","Myrmecocichla monticola",193049991.952656,-5.66279835,17.79267901,9.50213986655655,295.062690214196,0.0000505133318506421,0.0000223600970224755,0.0199252801992528,0.0983810709838107,12.23892769,5.6,3985664.07321937,1154640.14057553,0.696500114821434,"ATAT",FALSE
"Ficedula_timorensis",22,"Ficedula_timorensis","Ficedula_harterti","Ficedula timorensis","Ficedula harterti",59762017.3005078,-9.25,122.416666665,2.45304782617119,299.933971847728,0.000123242943960347,0.0000623171257057087,0.0334987593052109,0.87468982630273,17.92012248,5.69,514099.247502184,126023.432918234,0.573236609368839,"AAAA",TRUE
"Ficedula_crypta",256,"Ficedula_crypta","Monticola_rufocinereus","Ficedula crypta","Monticola rufocinereus",1610284599.47889,8.24827883,82.651462995,3.71529461308138,296.517632524436,0.0000580290297987091,0.0000595440974373103,0.0322981366459627,0.858385093167702,15.415402555,5.62,9333745.82561185,595938.090257349,0.833302950786024,"ATIM",TRUE
"Alethe_choloensis",114,"Alethe_choloensis","Alethe_fuelleborni","Chamaetylas choloensis","Chamaetylas fuelleborni",28664707.2663826,-15.93269231,35.25480769,7.25354224948117,293.605729997771,0.000095142004265846,0.0000423386627875079,0.0203836930455636,0.275779376498801,17.52416323,4.44,124315.644605311,292708.027167457,1,"ATAT",FALSE
"Cossypha_polioptera",265,"Cossypha_polioptera","Sheppardia_sharpei","Sheppardia polioptera","Sheppardia sharpei",92095148.0603999,-6.196544715,32.25203252,4.98668270891897,293.351195253027,0.000104978339905586,0.0000501080610832485,0.100502512562814,0.0150753768844221,16.87292457,6.8,778199.678631427,550717.307184846,1,"ATAT",FALSE
"Sheppardia_gabela",97,"Sheppardia_gabela","Sheppardia_aequatorialis","Sheppardia gabela","Sheppardia aequatorialis",158844386.905373,-5.12142857,22.85,2.9157832295398,295.481350291361,0.000102004456940031,0.0000439455558936355,0.0422360248447205,0,15.064329225,4.57,2190231.6709535,290767.818235294,0.201182473108263,"ATAT",FALSE
"Campylorhynchus_griseus",283,"Campylorhynchus_griseus","Campylorhynchus_chiapensis","Campylorhynchus griseus","Campylorhynchus chiapensis",201733135.411458,12.092857145,-82.45238095,3.66596330927827,297.535233694543,0.000107507733996136,0.0000459647465938717,0.0661764705882353,0.790441176470588,12.31508925,3.43,2415942.92126519,289857.532551328,1,"NTNT",FALSE
"Thryothorus_mystacalis",707,"Thryothorus_mystacalis","Thryothorus_genibarbis","Pheugopedius mystacalis","Pheugopedius genibarbis",228064752.420057,-0.96853443,-69.41834648,3.01230262589092,296.128706994143,0.000120965895127397,0.0000684425943697694,0.0797011207970112,0,10.723234615,7.85,1718260.70429675,930844.420239273,1,"NTNT",FALSE
"Thryothorus_thoracicus",140,"Thryothorus_thoracicus","Thryothorus_leucopogon","Cantorchilus thoracicus","Cantorchilus leucopogon",50589408.5384137,9.14130435,-80.14710145,1.68945618001953,297.670661763098,0.000128282902146861,0.0000760373611776839,0.149198520345253,0.692971639950678,11.05982414,3.55,629239.731030332,255042.212456509,0.749052921096818,"NTNT",FALSE
"Certhia_discolor",210,"Certhia_discolor","Certhia_manipurensis","Certhia discolor","Certhia manipurensis",193870019.8013,25.526888345,93.383415435,14.6611155922885,287.792159244591,0.000183664007861599,0.0000691504909243958,0.618243243243243,0.100225225225225,17.47126927,3.78,376933.661424513,321632.871193153,0.738559543606249,"IMIM",FALSE
"Certhia_tianquanensis",152,"Certhia_tianquanensis","Certhia_nipalensis","Certhia tianquanensis","Certhia nipalensis",74663527.9017377,28.86818182,99.88939394,19.9275897035225,278.116636980079,0.000193903932812009,0.0000821503902194862,0.866886688668867,0,17.96906113,3.54,520843.279040541,198020.177470103,1,"PAPA",FALSE
"Prionochilus_xanthopygius",174,"Prionochilus_xanthopygius","Prionochilus_plateni","Prionochilus xanthopygius","Prionochilus plateni",32550011.7563321,6.220238095,116.11904762,1.37360817212649,298.965054949574,0.0000657123811072105,0.0000806609396121006,0.0523690773067332,0.760598503740648,15.74012862,4.66,564310.868142073,292117.792791385,1,"IMIM",TRUE
"Icterus_chrysater",343,"Icterus_chrysater","Icterus_graduacauda","Icterus chrysater","Icterus graduacauda",64441848.0303781,20.759908365,-93.151603665,7.6429653304065,294.840576968735,0.0000786017343649266,0.0000455644558452758,0.137971698113208,0.612028301886792,18.91973632,1.01,1075427.01634746,471211.677083305,0.831010497197058,"NTNT",FALSE
"Icterus_nigrogularis",430,"Icterus_nigrogularis","Icterus_gularis","Icterus nigrogularis","Icterus gularis",165836085.787278,12.85310345,-77.636551725,5.13883586151488,296.727352297281,0.0000757350810396649,0.0000390986599546691,0.119221411192214,0.720194647201946,19.686941965,1.49,2883079.05237579,851868.248019037,0.879645780528058,"NTNT",FALSE
"Icterus_pectoralis",172,"Icterus_pectoralis","Icterus_graceannae","Icterus pectoralis","Icterus graceannae",202149372.776599,4.821978025,-84.701648355,3.23731265420594,297.038967269657,0.0000957611092718249,0.0000476833722206034,0.05375,0.8675,18.383849875,3.96,1980193.02910559,352877.769892464,0.858370245349043,"NTNT",FALSE
"Macroagelaius_imthurni",70,"Macroagelaius_imthurni","Macroagelaius_subalaris","Macroagelaius imthurni","Macroagelaius subalaris",362368530.469381,5.58888889,-68.25,2.46433996444478,293.265664604481,0.000125079647206901,0.0000630399065035272,0.185,0.12,25.162952525,2.67,1108007.13974171,318913.681793117,1,"NTNT",FALSE
"Agelasticus_xanthophthalmus",511,"Agelasticus_xanthophthalmus","Agelasticus_cyanopus","Agelasticus xanthophthalmus","Agelasticus cyanopus",18325246.1706942,-14.57087542,-64.4016835,5.12758712329782,294.587930283761,0.0000972695124803896,0.0000568791996445428,0.281212121212121,0.0133333333333333,15.72193073,0.24,1195970.32701225,542567.56937846,1,"NTNT",FALSE
"Agelaius_humeralis",78,"Agelaius_humeralis","Agelaius_xanthomus","Agelaius humeralis","Agelaius xanthomus",68735416.6264024,19.75,-72.4,3.75967553798399,298.899134476714,0.0000343010764374236,0.0000249599006759823,0.0153664302600473,0.919621749408983,22.88805955,0.67,1079214.4325761,157465.574983328,1,"NTNT",TRUE
"Quiscalus_nicaraguensis",303,"Quiscalus_nicaraguensis","Quiscalus_lugubris","Quiscalus nicaraguensis","Quiscalus lugubris",58776207.3433871,10.192028985,-78.1,2.2841570144706,298.726900472355,0.0000747984915166307,0.0000326622579199267,0.163591635916359,0.662976629766298,22.638313375,1.4,1825882.28216572,308262.501954745,1,"NTNT",FALSE
"Cacicus_chrysopterus",410,"Cacicus_chrysopterus","Cacicus_sclateri","Cacicus chrysopterus","Cacicus sclateri",131577731.202818,-13.81627155,-66.03035201,5.5829543917948,294.056602342278,0.0000675338786239616,0.0000516339824154131,0.304773561811506,0.0342717258261934,16.62501757,3.64,3225678.92667574,486408.448179099,1,"NTNT",FALSE
"Aimophila_strigiceps",226,"Aimophila_strigiceps","Aimophila_stolzmanni","Rhynchospiza strigiceps","Rhynchospiza stolzmanni",317870404.929335,-14.81592466,-71.261130135,7.08790174867025,294.550632314641,0.00010101979972718,0.0000489815550914934,0.364620938628159,0.297232250300842,11.216841713,6.48,2858476.76090436,260929.109081061,1,"NTNT",FALSE
"Aimophila_sumichrasti",105,"Aimophila_sumichrasti","Aimophila_carpalis","Peucaea sumichrasti","Peucaea carpalis",280146236.873815,21.66666667,-102.229166665,10.9184604166252,295.915245569746,0.0000506396173511304,0.0000267090901781238,0.327146171693735,0.455916473317865,11.3989070125,6.37,1933119.17941217,181361.778094929,1,"NTNA",FALSE
"Pipilo_crissalis",223,"Pipilo_crissalis","Pipilo_aberti","Melozone crissalis","Melozone aberti",42922617.023485,32.1530303,-114.851704545,17.8947891007226,290.370678131677,0.0000319267781531025,0.0000164864618485822,0.258235919234857,0.384697130712009,12.97232897,1.19,321868.059835299,305527.81566862,1,"NANA",FALSE
"Ergaticus_ruber",148,"Ergaticus_ruber","Ergaticus_versicolor","Cardellina rubra","Cardellina versicolor",264116634.060062,16.635714285,-95.235714285,5.92846394100225,293.762746262106,0.0000778561323218764,0.0000407776366145867,0.147482014388489,0.630695443645084,16.695719175,0.75,776361.876455149,285360.434500035,1,"NTNT",FALSE
"Myioborus_cardonai",53,"Myioborus_cardonai","Myioborus_castaneocapilla","Myioborus cardonai","Myioborus castaneocapilla",7854035.94815739,5.642857145,-62.607142855,2.59672142406458,294.31255309058,0.0000874306818650054,0.0000446183869448314,0.0992555831265509,0.24317617866005,15.21101502,1.09,144393.729427857,77593.65035988,1,"NTNT",FALSE
"Basileuterus_belli",186,"Basileuterus_belli","Basileuterus_melanogenys","Basileuterus belli","Basileuterus melanogenys",338888330.000561,12.927884615,-88.125,3.70383434293132,295.770726658697,0.0000844358379723185,0.0000427127533566402,0.0535279805352798,0.709245742092457,14.224328355,2.95,1279232.90394965,386168.600454335,1,"NTNT",FALSE
"Parula_superciliosa",194,"Parula_superciliosa","Parula_gutturalis","Oreothlypis superciliosa","Oreothlypis gutturalis",384447716.008846,13.459039545,-88.790960455,3.96053399738637,295.693693223046,0.0000785047473576804,0.0000392718789712106,0.0569007263922518,0.691283292978208,23.779571125,0.42,1444795.47950637,569289.936531689,1,"NTNT",FALSE
"Cyanerpes_lucidus",487,"Cyanerpes_lucidus","Cyanerpes_nitidus","Cyanerpes lucidus","Cyanerpes nitidus",177916370.569865,3.964139345,-74.959813295,2.51193358625707,297.311552634383,0.0000912566972653334,0.0000553852999138312,0.204968944099379,0.253416149068323,23.26301863,4.15,1951798.86346083,555230.168921917,1,"NTNT",FALSE
"Compsospiza_baeri",40,"Compsospiza_baeri","Compsospiza_garleppi","Poospiza baeri","Poospiza garleppi",172643882.610956,-20.5625,-65.71875,7.31444528721211,281.918762260394,0.000147066570515434,0.0000724109608990881,0.383625730994152,0.141520467836257,10.311602525,0.82,523881.308732561,90721.1548353414,0.789686183018453,"NTNT",FALSE
"Hemispingus_parodii",39,"Hemispingus_parodii","Hemispingus_calophrys","Kleinothraupis parodii","Kleinothraupis calophrys",127086912.367819,-14.125,-70.041666665,4.54188497950521,282.295277488266,0.000176114238856339,0.000113932112085025,0.361313868613139,0.198296836982968,14.26269482,0.18,379654.225985524,144612.583816345,1,"NTNT",FALSE
"Hemispingus_verticalis",129,"Hemispingus_verticalis","Hemispingus_xanthophthalmus","Pseudospingus verticalis","Pseudospingus xanthophthalmus",200677572.732818,-4.163651315,-77.69901316,2.56431237856617,289.317157349133,0.000132889313180497,0.0000768596095966539,0.222222222222222,0.355805243445693,17.95159992,2.97,557062.321144642,302394.467376651,0.860732116864238,"NTNT",FALSE
"Diglossa_albilatera",169,"Diglossa_albilatera","Diglossa_venezuelensis","Diglossa albilatera","Diglossa venezuelensis",747570356.120352,8.216666665,-68.494444445,2.17487147276851,296.619486169311,0.0000777740685438573,0.0000428430407832024,0.16460396039604,0.310643564356436,16.77055568,2.05,994808.711990298,331816.230902388,0.834155091057393,"NTNT",FALSE
"Diglossa_humeralis",132,"Diglossa_humeralis","Diglossa_carbonaria","Diglossa humeralis","Diglossa carbonaria",678771436.189495,-5.48148148,-70.796296295,3.7874837412093,287.323890753775,0.000126710101989292,0.0000715285484777473,0.13,0,16.2910179,0.13,2658874.02431811,451140.153772583,0.0123486238717421,"NTNT",FALSE
"Lanio_leucothorax",170,"Lanio_leucothorax","Lanio_aurantius","Lanio leucothorax","Lanio aurantius",27778126.4898095,15.87212644,-87.28639847,4.12571760893355,297.250939276755,0.0000579291254648715,0.0000351153900130925,0.0479616306954436,0.701438848920863,19.10118269,0.42,651722.060824258,253347.576840812,0.968870378432122,"NTNT",FALSE
"Saltator_albicollis",555,"Saltator_albicollis","Saltator_similis","Saltator albicollis","Saltator similis",133582971.591553,-4.442090395,-58.605225985,5.41099245088905,297.193761493954,0.0000539968978943684,0.0000280261015872229,0.0161290322580645,0,18.02301078,0.29,4097400.26432417,489368.151535209,1,"NTNT",TRUE
"Saltator_atripennis",294,"Saltator_atripennis","Saltator_atriceps","Saltator atripennis","Saltator atriceps",106763076.314122,8.63164251,-81.175362315,3.33659547327008,295.553725800348,0.000117517807386259,0.0000713164499007364,0.121287128712871,0.726485148514851,13.68702042,3.2,1481093.11229438,643495.502913351,0.931960110622434,"NTNT",FALSE
"Mitrospingus_oleagineus",126,"Mitrospingus_oleagineus","Mitrospingus_cassinii","Mitrospingus oleagineus","Mitrospingus cassinii",407607142.1963,6.48275862,-69.57327586,2.04005690285135,295.795761129114,0.000124854322772438,0.0000717774941015114,0.200992555831266,0.184863523573201,15.273785755,5.78,1903389.55497946,266596.251109966,1,"NTNT",FALSE
"Lamprospiza_melanoleuca",541,"Lamprospiza_melanoleuca","Rhodinocichla_rosea","Lamprospiza melanoleuca","Rhodinocichla rosea",48775944.9662336,3.024453235,-67.53050256,2.7951602740794,297.496347564838,0.000104986139070872,0.0000532889541377585,0.150124069478908,0.0161290322580645,15.689502823,9.75,2130390.03882865,862330.701275497,0.971297387223614,"NTNT",FALSE
"Tangara_argyrofenges",158,"Tangara_argyrofenges","Tangara_heinei","Tangara argyrofenges","Tangara heinei",157455859.304811,-1.300641025,-75.724358975,2.92913612545753,291.040447609863,0.000120892921474584,0.0000726325121288929,0.227386934673367,0.208542713567839,24.743702065,0.25,1206593.91889897,426079.060278879,0.474585018063315,"NTNT",FALSE
"Tangara_dowii",19,"Tangara_dowii","Tangara_fucosa","Tangara dowii","Tangara fucosa",190435959.99165,8.4375,-79.5625,0.972267263229098,298.455221233411,0.000159472360778777,0.0000760250123609411,0.177558569667078,0.660912453760789,21.002618155,2.84,531519.97870855,74053.0602432509,1,"NTNT",FALSE
"Tangara_fastuosa",235,"Tangara_fastuosa","Tangara_seledon","Tangara fastuosa","Tangara seledon",16657103.6573018,-13.59294872,-38.28525641,5.45538512346364,294.870124188016,0.0000744024026811727,0.0000444142492709293,0.0678787878787879,0.467878787878788,21.39129155,1.31,1368127.2089137,342067.953371339,0.667123577495448,"NTNT",FALSE
"Iridosornis_porphyrocephalus",111,"Iridosornis_porphyrocephalus","Iridosornis_analis","Iridosornis porphyrocephalus","Iridosornis analis",55624464.3744939,0.45616883,-77.41233766,1.91479933003472,291.817299597075,0.000176045856052649,0.000105898634004196,0.224159402241594,0.344956413449564,17.36263596,2.88,301957.121614129,244988.018501093,0.570811575457166,"NTNT",FALSE
"Iridosornis_reinhardti",119,"Iridosornis_reinhardti","Iridosornis_rufivertex","Iridosornis reinhardti","Iridosornis rufivertex",83156629.6635474,-4.345238095,-78.009920635,2.27428831426906,290.410303213598,0.000127680413411603,0.0000740037064515073,0.217228464419476,0.380774032459426,18.25364322,2.04,449769.662060599,221084.577612561,0.682122106382535,"NTNT",FALSE
"Bangsia_edwardsi",26,"Bangsia_edwardsi","Bangsia_aureocincta","Bangsia edwardsi","Bangsia aureocincta",86350983.7948936,4.025,-76.475,0.830509894866742,295.576319114768,0.000226533856612468,0.000144649777268123,0.201982651796778,0.353159851301115,22.457143815,0.74,240051.22754738,56424.1609059861,1,"NTNT",FALSE
"Gubernatrix_cristata",477,"Gubernatrix_cristata","Tangara_callophrys","Gubernatrix cristata","Tangara callophrys",101875417.045334,-18.875,-66.28661215,8.15967978509796,293.394787338457,0.0000627502300417107,0.0000479615051188814,0.393579072532699,0.14268727705113,20.98405251,1.3,2649909.59756626,629909.107457556,1,"NTNT",FALSE
"Cardinalis_phoeniceus",747,"Cardinalis_phoeniceus","Cardinalis_cardinalis","Cardinalis phoeniceus","Cardinalis cardinalis",162006195.821665,20.633388225,-80.252881845,12.9091397678837,293.464545949074,0.0000291016022699342,0.0000217908736404128,0.0152224824355972,0.859484777517564,14.20270058,3.51,2802984.69581362,905066.729552515,0.770881649300547,"NTNT",FALSE
"Caryothraustes_poliogaster",506,"Caryothraustes_poliogaster","Caryothraustes_canadensis","Caryothraustes poliogaster","Caryothraustes canadensis",92598175.9507546,6.628724565,-72.43214026,3.66353393802402,297.058194732972,0.000084628433961528,0.000047252861337093,0.198511166253102,0.285359801488834,15.345533695,3.87,2918411.95749435,710452.748940648,0.946101054285952,"NTNT",FALSE
"Rhodothraupis_celaeno",288,"Rhodothraupis_celaeno","Periporphyrus_erythromelas","Caryothraustes celaeno","Caryothraustes erythromelas",298030607.87116,11.77785326,-74.657608695,7.2084280364765,293.953888490874,0.0000826518613185444,0.0000453008442328138,0.143558282208589,0.652760736196319,15.226080045,8.17,5528458.05768505,410277.006665191,0.19103413201796,"NTNT",FALSE
"Euplectes_psammocromius",272,"Euplectes_psammocromius","Euplectes_progne","Euplectes psammacromius","Euplectes progne",24469614.4638839,-11.261842105,29.49736842,7.57933372820686,290.937422730905,0.0000951079407778052,0.0000436955557767365,0.0367647058823529,0,16.33707664,0.89,1006989.84329127,557031.678075067,1,"ATAT",FALSE
"Uraeginthus_ianthinogaster",575,"Uraeginthus_ianthinogaster","Uraeginthus_granatinus","Granatina ianthinogaster","Granatina granatina",143474714.517721,-9.98014163,30.760370015,7.1065386280782,294.734259504496,0.0000719380464523957,0.0000295884352383158,0.0612745098039216,0,12.07313064,3.51,2565560.22827694,824721.888864588,0.843808519761991,"ATAT",FALSE
"Lagonosticta_nitidula",647,"Lagonosticta_nitidula","Lagonosticta_rufopicta","Lagonosticta nitidula","Lagonosticta rufopicta",66991916.60432,-1.34661172,26.40514015,5.60748851715947,295.377390016761,0.000108419416169264,0.0000484603642042849,0.0675,0,11.6422384,1.74,1600783.01836201,680983.620392188,1,"ATAT",FALSE
"Zenaida_meloda",584,"Zenaida_meloda","Zenaida_asiatica","Zenaida meloda","Zenaida asiatica",425512771.400669,7.41240786,-82.43227887,7.75114871506854,293.234056631324,0.0000509312149738058,0.0000280958836630071,0.101610904584882,0.769516728624535,34.57641222,3.95,2981681.15241363,918013.813461761,1,"NTNT",FALSE
"Patagioenas_flavirostris",313,"Patagioenas_flavirostris","Patagioenas_oenops","Patagioenas flavirostris","Patagioenas oenops",354726211.439775,5.63983051,-83.88029661,4.53680380147018,294.891078945644,0.0000677368066673889,0.0000390812657948387,0.0781637717121588,0.831265508684863,35.664588755,1.02,2745980.57974462,355057.380774107,1,"NTNT",FALSE
"Metriopelia_ceciliae",216,"Metriopelia_ceciliae","Metriopelia_morenoi","Metriopelia ceciliae","Metriopelia morenoi",117649717.620226,-21.146551725,-67.103448275,6.91631283029274,283.521824831297,0.000113249510338823,0.0000513043610905072,0.408401400233372,0.220536756126021,26.291520045,3.19,709695.429753809,305580.952996118,1,"NTNT",FALSE
"Columbina_squammata",763,"Columbina_squammata","Columbina_inca","Columbina squammata","Columbina inca",289679867.849352,11.111699345,-77.24190696,10.5135649835461,294.258044394462,0.0000720159142779674,0.0000369664368228062,0.155828220858896,0.674846625766871,23.453624355,2.37,5120969.79104718,1724543.52612963,0.877811858356293,"NTNT",FALSE
"Coua_gigas",122,"Coua_gigas","Coua_serriana","Coua gigas","Coua serriana",34202795.1248263,-16.967532465,46.935064935,5.35988030623589,296.557292638947,0.000100428271581675,0.0000415065018271558,0.067065868263473,0.737724550898204,3.90036375,6.09,337706.931692578,237975.296786711,0.902782172489029,"ATAT",FALSE
"Coccyzus_longirostris",51,"Coccyzus_longirostris","Coccyzus_vieilloti","Coccyzus longirostris","Coccyzus vieilloti",13545296.0274682,18.270833335,-68.0625,3.2969405287434,298.852650901522,0.0000294364091793332,0.0000185042484969768,0.0202622169249106,0.936829558998808,13.083544,2.65,252550.213381011,62026.6223875961,1,"NTNT",TRUE
"Phaenicophaeus_javanicus",609,"Phaenicophaeus_javanicus","Phaenicophaeus_leschenaultii","Zanclostomus javanicus","Taccocua leschenaultii",110395102.016872,11.059280305,91.706818185,7.66426962953392,297.916768455979,0.0000976157853290227,0.0000620431728372186,0.0305623471882641,0.926650366748166,11.449385465,17.05,3306511.42552339,1016543.33036781,0.930010337598037,"IMIM",FALSE
"Centropus_unirufus",71,"Centropus_unirufus","Centropus_chlororhynchus","Centropus unirufus","Centropus chlororhynchos",303607666.641086,10.94607843,100.8872549,2.88988548327162,299.527345780011,0.000126362234384095,0.0000734314190902992,0.16953316953317,0.540540540540541,10.8425233435,16.96,4640800.92660723,198454.19538043,0.848752577547158,"IMIM",TRUE
"Centropus_rectunguis",330,"Centropus_rectunguis","Centropus_steerii","Centropus rectunguis","Centropus steerii",91428664.0130216,6.71969697,117.375,1.70781083753345,299.115560064221,0.0000971066852219846,0.0000786483692631428,0.0523038605230386,0.760896637608966,7.5567316255,10.1,1584434.98960992,343589.490590465,1,"IMIM",TRUE
"Centropus_menbeki",257,"Centropus_menbeki","Centropus_chalybeus","Centropus menbeki","Centropus chalybeus",64430547.6676573,-1.87219101,135.59691011,1.11643383052315,298.770649204006,0.0000627132470226838,0.0000984492469752695,0.0736579275905119,0.782771535580524,7.3815814575,3.86,194087.609612824,256691.840291742,0.911794959633228,"AAAA",TRUE
"Neomorphus_geoffroyi",501,"Neomorphus_geoffroyi","Neomorphus_radiolosus","Neomorphus geoffroyi","Neomorphus radiolosus",184909469.128536,0.903780065,-72.74699313,2.06836893355314,296.057481099506,0.000126658796750184,0.0000864012196290045,0.193224592220828,0.0602258469259724,2.436556869,7.65,1125738.56401189,894404.254726081,1,"NTNT",FALSE
"Balearica_pavonina",720,"Balearica_pavonina","Balearica_regulorum","Balearica pavonina","Balearica regulorum",62817521.5382139,2.098184275,31.275135055,7.10539532681425,295.502088985674,0.0000838210206861581,0.0000360499274089714,0.130325814536341,0,36.759421445,2.58,1498303.16423659,700479.923890853,0.79991854023963,"ATAT",FALSE
"Ardeotis_nigriceps",751,"Ardeotis_nigriceps","Ardeotis_australis","Ardeotis nigriceps","Ardeotis australis",857546416.653743,1.897898355,104.373502745,13.8188260582498,296.531361842964,0.0000809576697382776,0.000030450777599071,0.09375,0.69125,43.159028465,1.7,8739833.80921529,1030091.26604703,1,"AAIM",TRUE
"Neotis_ludwigii",593,"Neotis_ludwigii","Ardeotis_arabs","Neotis ludwigii","Ardeotis arabs",222733268.206729,-5.692659745,20.35804289,9.81130737539152,295.503641759771,0.0000427984973615166,0.0000182957048578361,0.00993788819875776,0.00496894409937888,42.71073506,5.9,4159064.51201399,1030172.04273873,0.718132473426592,"ATAT",FALSE
"Eupodotis_gindiana",492,"Eupodotis_gindiana","Eupodotis_savilei","Lophotis gindiana","Lophotis savilei",171605497.149544,8.07182342,32.16218987,7.28163835790916,297.793826260977,0.000056407473968955,0.0000212629598768053,0.214108910891089,0,35.312140055,1.03,2125414.87691623,839519.852033589,0.827831031509539,"ATAT",FALSE
"Tauraco_erythrolophus",366,"Tauraco_erythrolophus","Tauraco_leucolophus","Tauraco erythrolophus","Tauraco leucolophus",109725384.341504,-0.36726436,18.369961915,3.38565492171254,296.168755170271,0.0000993894672200853,0.0000451306592719175,0,0.00124843945068664,11.0439334,11.99,1781268.15839917,380653.46955546,0.978466159397027,"ATAT",FALSE
"Ruwenzorornis_johnstoni",432,"Ruwenzorornis_johnstoni","Tauraco_porphyreolophus","Gallirex johnstoni","Gallirex porphyreolophus",22959208.1355831,-4.67211838,31.15576324,4.65990588455802,292.755540661048,0.000110506120838336,0.0000567903080867112,0.102244389027431,0,10.2136994075,22,693168.601876508,400035.101638382,1,"ATAT",FALSE
"Ephippiorhynchus_senegalensis",938,"Ephippiorhynchus_senegalensis","Ephippiorhynchus_asiaticus","Ephippiorhynchus senegalensis","Ephippiorhynchus asiaticus",651317427.369051,15.993783305,47.26141499,8.97571106918455,296.157314162411,0.0000951825314117613,0.0000409853428980418,0.0933014354066986,0.293062200956938,40.1835685,16.6,6852692.27987622,1622876.25033181,0.944257928344373,"ATIM",FALSE
"Nyctiphrynus_ocellatus",547,"Nyctiphrynus_ocellatus","Nyctiphrynus_yucatanicus","Nyctiphrynus ocellatus","Nyctiphrynus yucatanicus",298710285.206038,7.001840695,-74.41616466,5.40471305564833,297.304502750091,0.000060124485846562,0.0000394016011547749,0.196782178217822,0.386138613861386,35.561170615,7.66,4051055.00227559,647911.688735717,1,"NTNT",FALSE
"Florisuga_mellivora",795,"Florisuga_mellivora","Florisuga_fusca","Florisuga mellivora","Florisuga fusca",82701683.5429006,-18.30749753,-56.714396,5.69287660475136,294.992522735446,0.0000804320414412349,0.0000513529848565748,0.0393325387365912,0,65.42365143,7.34,2276183.46525981,948779.989214732,1,"NTNT",FALSE
"Urosticte_ruficrissa",52,"Urosticte_ruficrissa","Urosticte_benjamini","Urosticte ruficrissa","Urosticte benjamini",51199505.8961525,1.155555555,-77.366666665,1.24180213111473,294.109387410833,0.000135978397803145,0.0000907036759279762,0.22125,0.34375,64.586073925,0.37,90651.5297706633,142221.762020196,0.57406098940403,"NTNT",FALSE
"Heliodoxa_branickii",113,"Heliodoxa_branickii","Heliodoxa_gularis","Heliodoxa branickii","Heliodoxa gularis",55177328.4141852,-5.729166665,-76.1875,2.67735925052003,290.074883595509,0.000103862917119061,0.0000642961369098358,0.239048811013767,0.247809762202753,65.84153615,3.06,699632.520827552,242487.334594151,0.959784409932816,"NTNT",FALSE
"Aglaeactis_castelnaudii",35,"Aglaeactis_castelnaudii","Aglaeactis_pamela","Aglaeactis castelnaudii","Aglaeactis pamela",164811350.39589,-15.2375,-70.3875,4.75383660098542,281.694615032525,0.000158101766929466,0.0000952100336897732,0.383313180169287,0.258766626360339,58.608203445,0.68,574923.015323456,74862.1568567933,1,"NTNT",FALSE
"Coeligena_wilsoni",45,"Coeligena_wilsoni","Coeligena_prunellei","Coeligena wilsoni","Coeligena prunellei",130843877.762147,4.816666665,-75.325,1.51494298434999,293.145546518775,0.000152706213282242,0.0000917642023632702,0.206982543640898,0.314214463840399,61.00478978,0,447836.741748871,131434.888309818,0.0228421068662259,"NTNT",FALSE
"Oreotrochilus_melanogaster",49,"Oreotrochilus_melanogaster","Oreotrochilus_chimborazo","Oreotrochilus melanogaster","Oreotrochilus chimborazo",580556564.334353,-6.833333335,-77.1875,2.02337183421645,290.433398731201,0.00011760584076138,0.0000687271922657519,0.235660847880299,0.341645885286783,58.518363435,0.69,1055720.80279698,116376.038522521,0.531396007284763,"NTNT",FALSE
"Heliangelus_exortis",72,"Heliangelus_exortis","Heliangelus_micraster","Heliangelus exortis","Heliangelus micraster",175781880.853065,-1.766666665,-78.391666665,1.53190208035794,293.810797486535,0.00013546416083741,0.0000750466337255081,0.2090112640801,0.411764705882353,62.78541318,0.3,354870.496355774,117831.336895121,1,"NTNT",FALSE
"Hylocharis_leucotis",242,"Hylocharis_leucotis","Hylocharis_xantusii","Basilinna leucotis","Basilinna xantusii",538156598.527449,24.494883045,-107.971856725,8.51778581360914,294.641593233852,0.000047866820073625,0.0000250975883975437,0.315849486887115,0.445838084378563,66.43832396,4.43,699156.468850718,489038.636626133,1,"NANA",FALSE
"Calliphlox_bryantae",63,"Calliphlox_bryantae","Calliphlox_mitchellii","Calliphlox bryantae","Calliphlox mitchellii",164261663.912332,6.03846154,-80.215384615,1.14101406797897,296.861716312568,0.000144211639334374,0.000080049302307901,0.185323383084577,0.63681592039801,66.39736396,1.39,933139.299821534,346142.949113921,0.470893772001599,"NTNT",FALSE
"Heliothryx_auritus",744,"Heliothryx_auritus","Heliothryx_barroti","Heliothryx auritus","Heliothryx barroti",139163567.934711,1.73167447,-72.63302108,2.6845065753183,297.006903927254,0.00011560091913393,0.000067664076001616,0.195244055068836,0.0725907384230288,66.770585945,2.46,1336749.22124299,723160.905657258,1,"NTNT",FALSE
"Phaethornis_augusti",589,"Phaethornis_augusti","Phaethornis_pretrei","Phaethornis augusti","Phaethornis pretrei",124155603.354125,-3.582891595,-59.954611715,4.49875309058636,296.697195492536,0.0000863604833196595,0.0000402215655845846,0.0311332503113325,0,62.36134468,2.51,2946615.5669592,969748.793796737,0.925782767692229,"NTNT",FALSE
"Cypsiurus_parvus",981,"Cypsiurus_parvus","Cypsiurus_balasiensis","Cypsiurus parvus","Cypsiurus balasiensis",786926874.602845,10.502195455,52.94944593,7.03659555608638,296.478754465934,0.0000985254563252454,0.0000517209471024537,0.027060270602706,0.751537515375154,71.276759165,12.94,7530692.67520497,2351542.40563034,0.902457470302517,"ATIM",FALSE
"Hemiprocne_mystacea",535,"Hemiprocne_mystacea","Hemiprocne_longipennis","Hemiprocne mystacea","Hemiprocne longipennis",104485669.507639,-1.74540474,125.30015023,1.31039547470097,298.483224705381,0.0000801683648665062,0.0000926019807219325,0.0654088050314465,0.862893081761006,65.09517902,15.79,1737247.81227281,779112.683736356,1,"AAAA",TRUE
"Nyctibius_maculosus",526,"Nyctibius_maculosus","Nyctibius_leucopterus","Nyctibius maculosus","Nyctibius leucopterus",357510076.180034,-3.810833335,-69.383214285,2.99632455867336,292.925632352631,0.000116646751100311,0.0000653243984723757,0.0237203495630462,0,45.68212439,18.91,892701.606264438,1123120.66647722,0.909562107032484,"NTNT",FALSE
